course_title,course_organization,course_Certificate_type,course_rating,course_difficulty,course_students_enrolled
El Abogado del Futuro: Legaltech y la Transformación Digital del Derecho,Universidad Austral,COURSE,5.0,Beginner,1500
Infectious Disease Modelling,Imperial College London,SPECIALIZATION,5.0,Intermediate,1600
Blockchain Revolution in Financial Services,INSEAD,SPECIALIZATION,4.6,Beginner,1600
Healthcare Law,University of Pennsylvania,SPECIALIZATION,4.7,Intermediate,1700
"Identifying, Monitoring, and Analyzing Risk and Incident Response and Recovery",(ISC)²,COURSE,4.9,Beginner,1700
The Pronunciation of American English,"University of California, Irvine",SPECIALIZATION,4.6,Beginner,1700
Esports,"University of California, Irvine",SPECIALIZATION,4.5,Beginner,1800
Blended Language Learning: Design and Practice for Teachers,University of Colorado Boulder,COURSE,4.8,Intermediate,1900
International Security Management,Erasmus University Rotterdam,COURSE,4.5,Beginner,2200
Implementing RPA with Cognitive Automation and Analytics,Automation Anywhere,SPECIALIZATION,4.6,Beginner,2200
Beyond the Sustainable Development Goals (SDGs): Addressing Sustainability and Development,University of Michigan,COURSE,4.6,Mixed,2300
AI For Medical Treatment,deeplearning.ai,COURSE,4.8,Intermediate,2400
Enterprise Architecture,Peter the Great St. Petersburg Polytechnic University,COURSE,4.4,Beginner,2400
Introduction to Cloud Computing,IBM,COURSE,4.6,Beginner,2600
SAS Visual Business Analytics,SAS,PROFESSIONAL CERTIFICATE,4.6,Beginner,2600
Access Controls,(ISC)²,COURSE,4.6,Beginner,2900
Queering Identities: LGBTQ+ Sexuality and Gender Identity,University of Colorado System,COURSE,4.9,Beginner,3000
Data Engineering on Google Cloud Platform 日本語版,Google Cloud,SPECIALIZATION,4.4,Intermediate,3000
Russian Alphabet,Saint Petersburg State University,COURSE,4.7,Beginner,3200
Foundations of Public Health Practice,Imperial College London,SPECIALIZATION,4.8,Beginner,3200
Palliative Care: It's Not Just Hospice Anymore,University of Colorado System,SPECIALIZATION,4.8,Beginner,3200
IBM Customer Engagement Specialist Professional Certificate,IBM,COURSE,4.8,Beginner,3300
Effective Compliance Programs,University of Pennsylvania,COURSE,4.9,Mixed,3400
IBM AI Enterprise Workflow,IBM,SPECIALIZATION,4.4,Advanced,3500
Global Financing Solutions  (by EDHEC and Société Générale),EDHEC Business School,COURSE,4.6,Intermediate,3600
Good with Words: Writing and Editing,University of Michigan,SPECIALIZATION,4.6,Beginner,3800
Unraveling the Cycling City,University of Amsterdam,COURSE,4.9,Intermediate,3900
Architecting with Google Kubernetes Engine 日本語版,Google Cloud,SPECIALIZATION,4.5,Beginner,3900
Swift 5 iOS Application Developer,LearnQuest,SPECIALIZATION,4.5,Beginner,3900
AI for Medical Prognosis,deeplearning.ai,COURSE,4.6,Intermediate,4000
Diseño Instruccional: Aprendizaje activo y Pedagogía digital,Tecnológico de Monterrey,SPECIALIZATION,4.6,Beginner,4000
Developing Applications with Google Cloud Platform 日本語版,Google Cloud,SPECIALIZATION,4.8,Intermediate,4000
Introduction to Thermodynamics: Transferring Energy from Here to There,University of Michigan,COURSE,4.8,Beginner,4100
Essentials in Clinical Simulations Across the Health Professions,The George Washington University,COURSE,4.8,Intermediate,4100
Architecting with Google Cloud Platform 日本語版,Google Cloud,SPECIALIZATION,4.5,Intermediate,4200
Become a Sustainable Business Change Agent,University of Colorado System,SPECIALIZATION,4.7,Intermediate,4200
Social Policy for Social Services & Health Practitioners,Columbia University,SPECIALIZATION,4.8,Beginner,4200
Japanese for beginners 1,Saint Petersburg State University,COURSE,4.6,Beginner,4400
Formulación y evaluación de proyectos complejos,Universidad de los Andes,COURSE,4.9,Intermediate,4400
Dentistry 101,University of Michigan,COURSE,4.7,Beginner,4500
Introdução aos Princípios e Práticas da Gestão De Projetos,Universidade de São Paulo,SPECIALIZATION,4.9,Beginner,4500
Climate Change and Health: From Science to Action,Yale University,SPECIALIZATION,4.6,Beginner,4800
Medical Cannabis: The Health Effects of THC and CBD,University of Colorado Boulder,SPECIALIZATION,4.8,Beginner,4800
Fundraising and Development,"University of California, Davis",SPECIALIZATION,4.6,Beginner,4900
Supply Chain Finance and Blockchain Technology,New York Institute of Finance,SPECIALIZATION,4.6,Intermediate,4900
The Teacher and Social and Emotional Learning (SEL),University of Colorado Boulder,SPECIALIZATION,4.7,Beginner,5200
Reporting extra-financier et stratégie RSE,ESSEC Business School,COURSE,4.7,Beginner,5200
Newborn Baby Care,University of Colorado System,SPECIALIZATION,4.8,Beginner,5300
(ISC)² Systems Security Certified Practitioner (SSCP),(ISC)²,SPECIALIZATION,4.7,Beginner,5300
Troubles du spectre de l'autisme : diagnostic,University of Geneva,COURSE,4.9,Intermediate,5400
Health Information Literacy for Data Analytics,"University of California, Davis",SPECIALIZATION,4.5,Intermediate,5400
Homeland Security and Cybersecurity,University of Colorado System,SPECIALIZATION,4.7,Beginner,5500
Healthcare Organization Operations,Rutgers the State University of New Jersey,SPECIALIZATION,4.6,Beginner,5500
Curanderismo: Traditional Healing Using Plants,University of New Mexico,COURSE,4.6,Beginner,5500
Driving business towards the Sustainable Development Goals,Erasmus University Rotterdam,COURSE,4.8,Beginner,5600
Sales Operations/Management,West Virginia University,SPECIALIZATION,4.4,Beginner,5600
Computational Social Science,"University of California, Davis",SPECIALIZATION,4.6,Beginner,5800
Building Resilient Streaming Analytics Systems on GCP,Google Cloud,COURSE,4.6,Intermediate,5800
"Leading for Equity, Diversity and Inclusion in Higher Education",University of Michigan,COURSE,4.7,Intermediate,5900
Introduction to Intellectual Property,University of Pennsylvania,COURSE,4.8,Beginner,6000
Unity Certified Programmer Exam Preparation,Unity,SPECIALIZATION,4.5,Intermediate,6100
Optical Engineering,University of Colorado Boulder,SPECIALIZATION,4.2,Advanced,6200
What is Compliance?,University of Pennsylvania,COURSE,4.8,Mixed,6200
"L'impact investing, la finance qui change le monde",ESSEC Business School,SPECIALIZATION,4.6,Beginner,6300
Secure Coding Practices,"University of California, Davis",SPECIALIZATION,4.4,Intermediate,6400
Compassionate Leadership Through Service Learning with Jane Goodall and Roots & Shoots,University of Colorado Boulder,COURSE,4.9,Beginner,6400
Epidemiology for Public Health,Imperial College London,SPECIALIZATION,4.7,Beginner,6400
Becoming a Sports Agent,Case Western Reserve University,COURSE,4.7,Beginner,6500
Financial Technology (Fintech) Innovations,University of Michigan,SPECIALIZATION,4.7,Beginner,6500
Intercultural Management,ESCP Business School,COURSE,4.6,Beginner,6500
Aboriginal Worldviews and Education,University of Toronto,COURSE,4.7,Mixed,6600
Aprende a programar con Python,Universidad Austral,SPECIALIZATION,4.2,Beginner,6600
Sample-based Learning Methods,University of Alberta,COURSE,4.8,Intermediate,6800
Russian for beginners А1. Русский язык: A1,Saint Petersburg State University,SPECIALIZATION,4.7,Beginner,7000
EMT Foundations,University of Colorado System,COURSE,4.8,Beginner,7100
Requirements Engineering: Secure Software  Specifications,University of Colorado System,SPECIALIZATION,4.6,Beginner,7200
The Economics of Health Care Delivery,University of Pennsylvania,COURSE,4.8,Mixed,7200
Legal Tech & Startups,IE Business School,COURSE,4.5,Intermediate,7200
Equine Welfare and Management,"University of California, Davis",COURSE,4.8,Beginner,7200
Building Batch Data Pipelines on GCP,Google Cloud,COURSE,4.5,Intermediate,7300
Autodesk CAD/CAM for Manufacturing,Autodesk,SPECIALIZATION,4.8,Intermediate,7300
Hardware Description Languages for FPGA Design,University of Colorado Boulder,COURSE,4.2,Intermediate,7400
Global Trends for Business and Society,University of Pennsylvania,COURSE,4.8,Mixed,7600
"Ready, Set, Future! Introduction to Futures Thinking",Institute for the Future,COURSE,4.8,Beginner,7700
Corporate Strategy,UCL School of Management,COURSE,4.8,Beginner,7800
Supply Chain Analytics,Rutgers the State University of New Jersey,COURSE,4.7,Beginner,7900
Entrepreneurial Finance: Strategy and Innovation,Duke University,SPECIALIZATION,4.5,Intermediate,7900
Analysing: Numeric and digital literacies,Macquarie University,SPECIALIZATION,4.6,Beginner,7900
Developing Industrial Internet of Things,University of Colorado Boulder,SPECIALIZATION,4.6,Intermediate,8000
L'excellence opérationnelle en pratique,ESSEC Business School,COURSE,4.7,Beginner,8000
Health Informatics,Johns Hopkins University,SPECIALIZATION,4.5,Beginner,8100
Ancient Philosophy: Aristotle and His Successors,University of Pennsylvania,COURSE,4.8,Mixed,8100
Dermatology: Trip to skin,Novosibirsk State University ,COURSE,4.4,Beginner,8200
Mastering Final Cut Pro,LearnQuest,COURSE,4.6,Beginner,8400
Teach English Now! Teaching Language Online,Arizona State University,COURSE,4.4,Intermediate,8500
Intellectual Property Law,University of Pennsylvania,SPECIALIZATION,4.8,Intermediate,8700
Patient Safety,Johns Hopkins University,SPECIALIZATION,4.8,Beginner,8800
Soporte de Tecnologías de la Información de Google,Crece con Google,PROFESSIONAL CERTIFICATE,4.9,Beginner,8800
Big Data – Introducción al uso práctico de datos masivos,Universitat Autònoma de Barcelona,SPECIALIZATION,4.5,Beginner,8800
Periodismo digital y combate a las fake news,Universidad Nacional Autónoma de México,COURSE,4.9,Beginner,8900
Digital Advertising Strategy,University of Colorado Boulder,SPECIALIZATION,4.4,Beginner,9000
Modernizing Data Lakes and Data Warehouses with GCP,Google Cloud,COURSE,4.7,Intermediate,9100
Palo Alto Networks Cybersecurity,Palo Alto Networks,SPECIALIZATION,4.6,Beginner,9100
School Health for Children and Adolescents,University of Colorado System,SPECIALIZATION,4.8,Beginner,9100
Strategic Sales Management,Fundação Instituto de Administração,SPECIALIZATION,4.5,Intermediate,9200
Autodesk CAD/CAM/CAE for Mechanical Engineering,Autodesk,SPECIALIZATION,4.8,Intermediate,9200
Addiction Treatment: Clinical Skills for Healthcare Providers,Yale University,COURSE,4.8,Beginner,9200
The Oral Cavity: Portal to Health and Disease,University of Pennsylvania,COURSE,4.9,Intermediate,9400
Sustainable Tourism – promoting environmental public health,University of Copenhagen,COURSE,4.6,Beginner,9400
Futures Thinking,Institute for the Future,SPECIALIZATION,4.8,Beginner,9400
Strategic Business Management - Microeconomics,"University of California, Irvine",COURSE,4.7,Beginner,9500
University Teaching,The University of Hong Kong,COURSE,4.8,Beginner,9500
Boosting Creativity for Innovation,HEC Paris,COURSE,4.9,Beginner,9500
FinTech Law and Policy,Duke University,COURSE,4.8,Beginner,9700
Autodesk Certified Professional: Revit for Architectural Design Exam Prep,Autodesk,COURSE,4.7,Advanced,9700
Instructional Methods in Health Professions Education,University of Michigan,COURSE,4.6,Intermediate,9700
Русский как иностранный,Saint Petersburg State University,SPECIALIZATION,4.6,Intermediate,9800
Accounting for Decision Making,University of Michigan,COURSE,4.8,Intermediate,9900
"Innovation Through Design: Think, Make, Break, Repeat",The University of Sydney,COURSE,4.8,Beginner,10000
Corporate Sustainability. Understanding and Seizing the Strategic Opportunity,Università Bocconi,COURSE,4.6,Mixed,10000
Financial Acumen for Non-Financial Managers,University of Pennsylvania,COURSE,4.5,Beginner,10000
Corporate & Commercial Law I: Contracts & Employment Law,University of Illinois at Urbana-Champaign,COURSE,4.8,Intermediate,10000
Global Energy and Climate Policy,SOAS University of London,COURSE,4.5,Beginner,10000
Business Transformation with Google Cloud,Google Cloud,COURSE,4.7,Beginner,10000
Information Visualization,New York University,SPECIALIZATION,4.6,Beginner,10000
Graphic Design Elements for Non-Designers,University of Colorado Boulder,SPECIALIZATION,4.7,Beginner,10000
Practical Data Science with MATLAB,MathWorks,SPECIALIZATION,4.7,Beginner,10000
Les Fondamentaux de la Négociation,ESSEC Business School,COURSE,4.7,Beginner,10000
Aspectos básicos de la planificación y la gestión de proyectos,University of Virginia,COURSE,4.9,Beginner,10000
G Suite Administration,Google Cloud,SPECIALIZATION,4.7,Beginner,10000
AWS Fundamentals: Addressing Security Risk,Amazon Web Services,COURSE,4.3,Beginner,11000
The Cycle: Management of Successful Arts and Cultural Organizations,"University of Maryland, College Park",COURSE,4.8,Beginner,11000
Summary Statistics in Public Health,Johns Hopkins University,COURSE,4.8,Beginner,11000
Strategy and Sustainability,IESE Business School,COURSE,4.6,Beginner,11000
Understanding Modern Finance,American Institute of Business and Economics,SPECIALIZATION,4.4,Intermediate,11000
International migrations: a global issue,Sciences Po,COURSE,4.6,Beginner,11000
"Everyday Excel, Part 1",University of Colorado Boulder,COURSE,4.8,Beginner,11000
Introduction to Portfolio Construction and Analysis with Python,EDHEC Business School,COURSE,4.8,Mixed,11000
Antibiotic Stewardship,Stanford University,COURSE,4.5,Advanced,11000
Managerial Accounting Fundamentals,University of Virginia,COURSE,4.9,Beginner,11000
Anticorrupción: Introducción a conceptos y perspectiva práctica,Universidad Nacional Autónoma de México,COURSE,4.8,Beginner,11000
Write A Feature Length Screenplay For Film Or Television,Michigan State University,COURSE,4.9,Beginner,12000
Introduction to Statistics & Data Analysis in Public Health,Imperial College London,COURSE,4.7,Beginner,12000
Unity XR: How to Build AR and VR Apps,Unity,SPECIALIZATION,4.2,Beginner,12000
Influencer Marketing Strategy,Rutgers the State University of New Jersey,COURSE,4.4,Intermediate,12000
U.S. Federal Taxation,University of Illinois at Urbana-Champaign,SPECIALIZATION,4.8,Intermediate,12000
Mathematics for Data Science,National Research University Higher School of Economics,SPECIALIZATION,4.5,Beginner,12000
New Approaches to Countering Terror: Countering Violent Extremism,"University of Maryland, College Park",COURSE,4.7,Beginner,12000
Sports Marketing,Northwestern University,COURSE,4.7,Intermediate,12000
Patrocinio Deportivo,Universitat Autònoma de Barcelona,COURSE,4.6,Beginner,12000
TensorFlow: Data and Deployment,deeplearning.ai,SPECIALIZATION,4.5,Intermediate,12000
Spacecraft Dynamics and Control,University of Colorado Boulder,SPECIALIZATION,4.8,Advanced,12000
Electric Industry Operations and Markets,Duke University,COURSE,4.8,Beginner,12000
Financial Reporting,University of Illinois at Urbana-Champaign,SPECIALIZATION,4.8,Intermediate,12000
Finance for Non-Financial Managers,Emory University,COURSE,4.4,Intermediate,12000
"FinTech: Foundations, Payments, and Regulations",University of Pennsylvania,COURSE,4.7,Beginner,12000
The Science of Stem Cells,American Museum of Natural History,COURSE,4.7,Intermediate,12000
Scaling Operations: Linking Strategy and Execution,Northwestern University,COURSE,4.5,Mixed,12000
Instructional Design Foundations and Applications,University of Illinois at Urbana-Champaign,COURSE,4.2,Mixed,12000
AI for Medical Diagnosis,deeplearning.ai,COURSE,4.7,Intermediate,12000
Agile и Scrum в работе над проектами и продуктами,ScrumTrek,COURSE,4.9,Beginner,12000
Business Model Innovation,HEC Paris,COURSE,4.7,Mixed,13000
Social Entrepreneurship,Copenhagen Business School,SPECIALIZATION,4.6,Beginner,13000
"Introduction to Trading, Machine Learning & GCP",New York Institute of Finance,COURSE,4.0,Intermediate,13000
Evaluación educativa,Universidad Nacional Autónoma de México,SPECIALIZATION,4.8,Beginner,13000
AI for Medicine,deeplearning.ai,SPECIALIZATION,4.7,Intermediate,13000
"Open Source Software Development, Linux and Git",The Linux Foundation,SPECIALIZATION,4.4,Beginner,13000
BIM Fundamentals for Engineers,National Taiwan University,COURSE,4.6,Beginner,13000
FinTech: Finance Industry Transformation and Regulation,The Hong Kong University of Science and Technology,SPECIALIZATION,4.6,Beginner,13000
Memoir and Personal Essay: Write About Yourself,Wesleyan University,SPECIALIZATION,4.3,Beginner,13000
AWS Fundamentals: Migrating to the Cloud,Amazon Web Services,COURSE,4.5,Intermediate,13000
The Science of Training Young Athletes,University of Florida,COURSE,4.9,Beginner,13000
Integrative Health and Medicine,University of Minnesota,SPECIALIZATION,4.8,Beginner,14000
Advertising and Society,Duke University,COURSE,4.8,Mixed,14000
The hidden value – Lean in manufacturing and services,École des Ponts ParisTech,COURSE,4.7,Beginner,14000
Get Interactive: Practical Teaching with Technology,Bloomsbury Learning Exchange,COURSE,4.7,Beginner,14000
Biostatistics in Public Health,Johns Hopkins University,SPECIALIZATION,4.8,Beginner,14000
Sequence Models,deeplearning.ai,COURSE,4.8,Intermediate,14000
Foundational Finance for Strategic Decision Making,University of Michigan,SPECIALIZATION,4.8,Beginner,14000
Algorithms for Battery Management Systems,University of Colorado System,SPECIALIZATION,4.8,Intermediate,14000
Gender and Sexuality: Diversity and Inclusion in the Workplace,University of Pittsburgh,COURSE,4.7,Beginner,14000
Introduction to Business Analytics: Communicating with Data,University of Illinois at Urbana-Champaign,COURSE,4.7,Intermediate,14000
Essential Epidemiologic Tools for Public Health Practice,Johns Hopkins University,COURSE,4.7,Beginner,14000
Investment Management with Python and Machine Learning,EDHEC Business School,SPECIALIZATION,4.6,Beginner,14000
Искусство ведения бизнеса,Saint Petersburg State University,SPECIALIZATION,4.6,Beginner,14000
Modern Big Data Analysis with SQL,Cloudera,SPECIALIZATION,4.8,Beginner,14000
Love as a Force for Social Justice,Stanford University,COURSE,4.7,Beginner,14000
Security & Safety Challenges in a Globalized World,Universiteit Leiden,COURSE,4.7,Beginner,14000
Engineering Health: Introduction to Yoga and Physiology,New York University,COURSE,4.8,Beginner,14000
Arts and Heritage Management,Università Bocconi,COURSE,4.8,Mixed,15000
"Resilience in Children Exposed to Trauma, Disaster and War: Global Perspectives",University of Minnesota,COURSE,4.8,Mixed,15000
Communication Skills for Engineers,Rice University,SPECIALIZATION,4.7,Beginner,15000
Arts and Culture Strategy,National Arts Strategies,COURSE,4.6,Mixed,15000
Machine Learning for Trading,Google Cloud,SPECIALIZATION,3.9,Intermediate,15000
Six Sigma and the Organization (Advanced),University System of Georgia,COURSE,4.7,Intermediate,15000
Bugs 101: Insect-Human Interactions,University of Alberta,COURSE,4.9,Beginner,15000
Cost and Economics in Pricing Strategy,University of Virginia,COURSE,4.8,Beginner,15000
Construction Scheduling,Columbia University,COURSE,4.8,Beginner,15000
Research Data Management and Sharing,The University of Edinburgh,COURSE,4.6,Mixed,16000
Sports and Society,Duke University,COURSE,4.8,Mixed,16000
Leading: Human Resource Management and Leadership,Macquarie University,SPECIALIZATION,4.8,Intermediate,16000
Leading Healthcare Quality and Safety,The George Washington University,COURSE,4.8,Beginner,16000
Sales Training for High Performing Teams,HubSpot Academy,SPECIALIZATION,4.7,Beginner,16000
Information​ ​Systems,University of Minnesota,SPECIALIZATION,4.7,Beginner,16000
Introduction to Blockchain Technologies,INSEAD,COURSE,4.7,Beginner,16000
Site Reliability Engineering: Measuring and Managing Reliability,Google Cloud,COURSE,4.5,Advanced,16000
Developing APIs with Google Cloud's Apigee API Platform,Google Cloud,SPECIALIZATION,4.6,Intermediate,16000
Statistical Analysis with R for Public Health,Imperial College London,SPECIALIZATION,4.7,Beginner,16000
Introduction to User Experience Principles and Processes,University of Michigan,COURSE,4.8,Beginner,16000
Корпоративные финансы и стоимость компании,National Research University Higher School of Economics,SPECIALIZATION,4.5,Beginner,16000
Ecosystem Services: a Method for Sustainable Development,University of Geneva,COURSE,4.7,Intermediate,16000
Leadership Development for Engineers,Rice University,SPECIALIZATION,4.7,Beginner,17000
Drug Commercialization,University of California San Diego,COURSE,4.7,Beginner,17000
Design Thinking for the Greater Good: Innovation in the Social Sector,University of Virginia,COURSE,4.6,Beginner,17000
e-Learning Ecologies: Innovative Approaches to Teaching and Learning for the Digital Age,University of Illinois at Urbana-Champaign,COURSE,4.5,Mixed,17000
Solar Energy Basics,The State University of New York,COURSE,4.8,Beginner,17000
Culture-Driven Team Building,University of Pennsylvania,SPECIALIZATION,4.6,Beginner,17000
Emerging Technologies: From Smartphones to IoT to Big Data,Yonsei University,SPECIALIZATION,4.6,Beginner,17000
A Crash Course in Causality:  Inferring Causal Effects from Observational Data,University of Pennsylvania,COURSE,4.7,Intermediate,17000
Revisão Sistemática e Meta-análise,Universidade Estadual de Campinas,COURSE,4.9,Intermediate,17000
Wonders of Ancient Egypt,University of Pennsylvania,COURSE,4.8,Intermediate,17000
Networking and Security Architecture with VMware NSX,VMware,COURSE,4.8,Intermediate,17000
Stanford's Short Course on Breastfeeding,Stanford University,COURSE,4.7,Beginner,17000
Write Your First Novel,Michigan State University,COURSE,4.4,Beginner,18000
American Contract Law I,Yale University,COURSE,4.9,Beginner,18000
Fundamentals of Immunology: Innate Immunity and B-Cell Function,Rice University,COURSE,4.7,Intermediate,18000
Ecology: Ecosystem Dynamics and Conservation,American Museum of Natural History,COURSE,4.8,Intermediate,18000
Customer Segmentation and Prospecting,Northwestern University,COURSE,4.7,Beginner,18000
Six Sigma Green Belt,University System of Georgia,SPECIALIZATION,4.7,Intermediate,18000
Programming with Google Go,"University of California, Irvine",SPECIALIZATION,4.6,Intermediate,18000
Getting Started with Google Sheets,Google Cloud,COURSE,4.6,Beginner,18000
Improving Leadership & Governance in Nonprofit Organizations,Luther College at the University of Regina,SPECIALIZATION,4.4,Beginner,18000
Feminism and Social Justice,"University of California, Santa Cruz",COURSE,4.8,Beginner,18000
Data and Health Indicators in Public Health Practice,Johns Hopkins University,COURSE,4.7,Beginner,18000
Design-Led Strategy: Design thinking for business strategy and entrepreneurship,The University of Sydney,COURSE,4.6,Intermediate,19000
Основы Digital Маркетинга,National Research University Higher School of Economics,SPECIALIZATION,4.5,Intermediate,19000
Programming Fundamentals,Duke University,COURSE,4.7,Beginner,19000
International Law in Action: the Arbitration of International Disputes,Universiteit Leiden,COURSE,4.8,Mixed,19000
Construction Cost Estimating and Cost Control,Columbia University,COURSE,4.7,Beginner,19000
Geopolitics of Europe,Sciences Po,COURSE,4.3,Mixed,19000
Data Collection and Processing with Python,University of Michigan,COURSE,4.7,Intermediate,19000
Using Python to Interact with the Operating System,Google,COURSE,4.7,Beginner,19000
The Social Context of Mental Health and Illness,University of Toronto,COURSE,4.6,Mixed,19000
Chicken Behaviour and Welfare,The University of Edinburgh,COURSE,4.7,Mixed,19000
Machine Learning for All,University of London,COURSE,4.6,Beginner,19000
Introduction to Computer Programming,"Goldsmiths, University of London",COURSE,4.3,Beginner,20000
Fintech: Foundations & Applications of Financial Technology,University of Pennsylvania,SPECIALIZATION,4.6,Beginner,20000
Fundamentals of Immunology,Rice University,SPECIALIZATION,4.7,Intermediate,20000
Anatomy: Musculoskeletal and Integumentary Systems,University of Michigan,COURSE,4.8,Beginner,20000
Entrepreneurship Strategy: From Ideation to Exit,HEC Paris,COURSE,4.8,Beginner,20000
"Sleep: Neurobiology, Medicine, and Society",University of Michigan,COURSE,4.8,Beginner,20000
International Organizations Management,University of Geneva,COURSE,4.8,Beginner,20000
Pricing Strategy Optimization,BCG,SPECIALIZATION,4.8,Beginner,20000
Digital Business Models,Lund University,COURSE,4.5,Beginner,21000
Python Classes and Inheritance,University of Michigan,COURSE,4.7,Intermediate,21000
Diseño y Creación de un Emprendimiento Social,Pontificia Universidad Católica de Chile,COURSE,4.9,Beginner,21000
Психолингвистика (Psycholinguistics),Saint Petersburg State University,COURSE,4.8,Mixed,21000
Age of Cathedrals,Yale University,COURSE,4.7,Beginner,21000
Blockchain Revolution,INSEAD,SPECIALIZATION,4.7,Beginner,21000
"Modern Robotics:  Mechanics, Planning, and Control",Northwestern University,SPECIALIZATION,4.7,Intermediate,21000
Object-Oriented Data Structures in C++,University of Illinois at Urbana-Champaign,COURSE,4.7,Intermediate,21000
Nanotechnology: A Maker’s Course,Duke University,COURSE,4.8,Mixed,21000
"Negotiation, Mediation and Conflict Resolution",ESSEC Business School,SPECIALIZATION,4.7,Beginner,22000
Chinese for HSK 1,Peking University,COURSE,4.8,Beginner,22000
Autodesk Certified Professional: AutoCAD for Design and Drafting Exam Prep,Autodesk,COURSE,4.7,Advanced,22000
Learn English,Tsinghua University,SPECIALIZATION,4.3,Beginner,22000
Preparing for the Google Cloud Associate Cloud Engineer Exam,Google Cloud,COURSE,4.7,Beginner,22000
Market Research,"University of California, Davis",SPECIALIZATION,4.5,Beginner,22000
Julia Scientific Programming,University of Cape Town,COURSE,4.5,Beginner,22000
Osteoarchaeology: The Truth in Our Bones,Universiteit Leiden,COURSE,4.7,Beginner,22000
Fundamentals of Reinforcement Learning,University of Alberta,COURSE,4.8,Intermediate,22000
"Influencing: Storytelling, Change Management and Governance",Macquarie University,SPECIALIZATION,4.8,Beginner,22000
International Humanitarian Law in Theory and Practice,Kalshoven-Gieskes Forum,COURSE,4.8,Beginner,22000
Cuidados y procedimientos generales en la atención del recién nacido,Universidad de Chile,COURSE,4.8,Intermediate,22000
Getting Started with SAS Programming,SAS,COURSE,4.9,Beginner,22000
Global Environmental Management,Technical University of Denmark (DTU),COURSE,4.6,Intermediate,22000
International Business Essentials,University of London,SPECIALIZATION,4.5,Intermediate,22000
Building Conversational Experiences with Dialogflow,Google Cloud,COURSE,4.5,Beginner,22000
Smart Cities – Management of Smart Urban Infrastructures,École Polytechnique Fédérale de Lausanne,COURSE,4.6,Beginner,22000
The Business of Health Care,University of Pennsylvania,SPECIALIZATION,4.6,Beginner,22000
Accelerated Computer Science Fundamentals,University of Illinois at Urbana-Champaign,SPECIALIZATION,4.7,Intermediate,22000
Dairy Production and Management,The Pennsylvania State University,COURSE,4.8,Mixed,23000
Chemicals and Health,Johns Hopkins University,COURSE,4.7,Beginner,23000
The Changing Global Order,Universiteit Leiden,COURSE,4.7,Intermediate,23000
User Experience Research and Design,University of Michigan,SPECIALIZATION,4.8,Beginner,23000
Liderazgo efectivo para el siglo XXI,Universidad de los Andes,SPECIALIZATION,4.8,Intermediate,23000
Managing Innovation and Design Thinking,HEC Paris,SPECIALIZATION,4.7,Beginner,23000
Positive Psychology: Applications and Interventions,University of Pennsylvania,COURSE,4.8,Beginner,23000
The Art of Sales: Mastering the Selling Process,Northwestern University,SPECIALIZATION,4.7,Beginner,23000
Actualización en el manejo del paciente con diabetes mellitus tipo 2,Universidad Nacional Autónoma de México,COURSE,4.8,Mixed,23000
Reinforcement Learning,University of Alberta,SPECIALIZATION,4.7,Intermediate,23000
Virtual Teacher,"University of California, Irvine",SPECIALIZATION,4.3,Beginner,23000
An Introduction to American Law,University of Pennsylvania,COURSE,4.8,Beginner,23000
Cybersecurity for Business,University of Colorado System,SPECIALIZATION,4.6,Beginner,23000
Engineering Project Management: Initiating and Planning,Rice University,COURSE,4.7,Beginner,23000
Implementación del Marketing Mix,IE Business School,SPECIALIZATION,4.7,Beginner,23000
"Epidemics, Pandemics and Outbreaks",University of Pittsburgh,COURSE,4.7,Mixed,23000
Renewable Energy and Green Building Entrepreneurship,Duke University,COURSE,4.7,Beginner,24000
Data Analytics for Lean Six Sigma,University of Amsterdam,COURSE,4.8,Beginner,24000
Understanding Medical Research: Your Facebook Friend is Wrong,Yale University,COURSE,4.8,Beginner,24000
Building Scalable Java Microservices with Spring Boot and Spring Cloud,Google Cloud,COURSE,4.3,Intermediate,24000
Financing and Investing in Infrastructure,Università Bocconi,COURSE,4.8,Mixed,24000
Supply Chain Operations,Rutgers the State University of New Jersey,COURSE,4.8,Beginner,24000
Business Strategies for A Better World,University of Pennsylvania,SPECIALIZATION,4.7,Beginner,24000
UX Design Fundamentals,California Institute of the Arts,COURSE,4.8,Beginner,25000
International Cyber Conflicts,The State University of New York,COURSE,4.4,Mixed,25000
¿Qué hacen los buenos directivos? Prioridades de la Alta Dirección,IESE Business School,COURSE,4.7,Beginner,25000
Introduction to Dental Medicine,University of Pennsylvania,COURSE,4.8,Beginner,25000
Fundamentos Empresariales,University of Pennsylvania,SPECIALIZATION,4.6,Beginner,25000
Innovation: From Creativity to Entrepreneurship,University of Illinois at Urbana-Champaign,SPECIALIZATION,4.8,Beginner,25000
"The Sustainable Development Goals – A global, transdisciplinary vision for the future",University of Copenhagen,COURSE,4.8,Beginner,26000
Continuous Delivery & DevOps,University of Virginia,COURSE,4.6,Beginner,26000
Branding: The Creative Journey,IE Business School,SPECIALIZATION,4.6,Beginner,26000
"Python Functions, Files, and Dictionaries",University of Michigan,COURSE,4.8,Beginner,26000
Cuidado de heridas en el ámbito hospitalario,Universidad Nacional Autónoma de México,COURSE,4.8,Intermediate,26000
International Marketing & Cross Industry Growth,Yonsei University,SPECIALIZATION,4.6,Beginner,26000
From Data to Insights with Google Cloud Platform,Google Cloud,SPECIALIZATION,4.6,Beginner,26000
Introduction to Cyber Attacks,New York University,COURSE,4.7,Beginner,27000
Foundations of Marketing Analytics,Emory University,SPECIALIZATION,4.2,Intermediate,27000
Computer Security and Systems Management,University of Colorado System,SPECIALIZATION,4.6,Beginner,27000
Introduction to Breast Cancer,Yale University,COURSE,4.9,Mixed,27000
AWS Fundamentals: Building Serverless Applications,Amazon Web Services,COURSE,4.7,Beginner,27000
Managing Social and Human Capital,University of Pennsylvania,COURSE,4.5,Beginner,27000
Estadística y probabilidad,Universidad Nacional Autónoma de México,COURSE,4.7,Beginner,27000
Content Strategy for Professionals,Northwestern University,SPECIALIZATION,4.5,Beginner,27000
Become a Journalist: Report the News!,Michigan State University,SPECIALIZATION,4.7,Beginner,28000
"Hotel Management: Distribution, Revenue and Demand Management",ESSEC Business School,SPECIALIZATION,4.6,Beginner,28000
The Technology of Music Production,Berklee College of Music,COURSE,4.8,Beginner,28000
Explorando la Energía Sustentable,Pontificia Universidad Católica de Chile,COURSE,4.8,Beginner,28000
Stories of Infection,Stanford University,COURSE,4.9,Intermediate,28000
Recommender Systems,University of Minnesota,SPECIALIZATION,4.3,Intermediate,29000
Supply Chain Principles,Georgia Institute of Technology,COURSE,4.6,Mixed,29000
Bayesian Statistics: Techniques and Models,"University of California, Santa Cruz",COURSE,4.8,Intermediate,29000
Understanding Cancer Metastasis,Johns Hopkins University,COURSE,4.8,Beginner,29000
The Horse Course: Introduction to Basic Care and Management,University of Florida,COURSE,4.9,Mixed,29000
Linear Circuits 1: DC Analysis,Georgia Institute of Technology,COURSE,4.6,Mixed,29000
Machine Learning and Reinforcement Learning in Finance,New York University,SPECIALIZATION,3.7,Intermediate,29000
Global Diplomacy: the United Nations in the World,SOAS University of London,COURSE,4.7,Beginner,29000
"Advanced Valuation and Strategy - M&A, Private Equity, and Venture Capital",Erasmus University Rotterdam,COURSE,4.7,Advanced,29000
"Parallel, Concurrent, and Distributed Programming in Java",Rice University,SPECIALIZATION,4.5,Intermediate,30000
Strategising: Management for Global Competitive Advantage,Macquarie University,SPECIALIZATION,4.8,Intermediate,30000
Anatomy,University of Michigan,SPECIALIZATION,4.8,Beginner,30000
Introduction to Cybersecurity Tools & Cyber Attacks,IBM,COURSE,4.5,Beginner,30000
Child Nutrition and Cooking,Stanford University,COURSE,4.7,Beginner,30000
Roman Architecture,Yale University,COURSE,4.9,Beginner,30000
Разработка интерфейсов: вёрстка и JavaScript,E-Learning Development Fund,SPECIALIZATION,4.5,Intermediate,30000
Finanzas corporativas,Universidad Nacional Autónoma de México,SPECIALIZATION,4.6,Intermediate,30000
Fundamental Neuroscience for Neuroimaging,Johns Hopkins University,COURSE,4.6,Beginner,30000
Understanding and Visualizing Data with Python,University of Michigan,COURSE,4.7,Beginner,30000
C for Everyone: Programming Fundamentals,"University of California, Santa Cruz",COURSE,4.5,Beginner,31000
Foundations of Global Health,Johns Hopkins University,SPECIALIZATION,4.7,Beginner,31000
Art & Ideas: Teaching with Themes,The Museum of Modern Art,COURSE,4.8,Mixed,31000
Entrepreneurship 3: Growth Strategies,University of Pennsylvania,COURSE,4.7,Beginner,31000
Blockchain: Foundations and Use Cases,ConsenSys Academy,COURSE,4.7,Beginner,31000
Epidemiology in Public Health Practice,Johns Hopkins University,SPECIALIZATION,4.7,Beginner,31000
Challenging Forensic Science: How Science Should Speak to Court,University of Lausanne,COURSE,4.8,Beginner,31000
Decision-Making and Scenarios,University of Pennsylvania,COURSE,4.6,Mixed,31000
Essentials of Global Health,Yale University,COURSE,4.8,Mixed,31000
Wine Tasting: Sensory Techniques for Wine Analysis,"University of California, Davis",COURSE,4.7,Beginner,32000
COVID-19: What You Need to Know (CME Eligible),Osmosis,COURSE,4.8,Beginner,32000
Introduction to Cyber Security,New York University,SPECIALIZATION,4.7,Beginner,32000
Clinical Terminology for International and U.S. Students,University of Pittsburgh,COURSE,4.8,Beginner,32000
Introduction to Computer Science and Programming,"Goldsmiths, University of London",SPECIALIZATION,4.3,Beginner,32000
Information Security: Context and Introduction,"Royal Holloway, University of London",COURSE,4.6,Beginner,32000
Computational Thinking for Problem Solving,University of Pennsylvania,COURSE,4.8,Beginner,33000
The Truth About Cats and Dogs,The University of Edinburgh,COURSE,4.7,Mixed,33000
Systems Thinking In Public Health,Johns Hopkins University,COURSE,4.9,Mixed,33000
Réussir le Changement,ESSEC Business School,COURSE,4.5,Mixed,33000
Mathematics for Machine Learning: PCA,Imperial College London,COURSE,4.0,Intermediate,33000
Introduction to Systems Engineering,UNSW Sydney (The University of New South Wales),COURSE,4.7,Mixed,33000
Atención Primaria en Salud: El desafío de las Enfermedades no Transmisibles,Pontificia Universidad Católica de Chile,COURSE,4.8,Intermediate,33000
Object-Oriented Design,University of Alberta,COURSE,4.7,Intermediate,33000
Statistics with Python,University of Michigan,SPECIALIZATION,4.6,Beginner,34000
How to Start Your Own Business,Michigan State University,SPECIALIZATION,4.1,Beginner,34000
Leadership in 21st Century Organizations,Copenhagen Business School,COURSE,4.7,Mixed,34000
Music Business Foundations,Berklee College of Music,COURSE,4.9,Mixed,34000
Introduction to Environmental Law and Policy,The University of North Carolina at Chapel Hill,COURSE,4.8,Mixed,34000
Industrial IoT on Google Cloud Platform,Google Cloud,COURSE,4.5,Beginner,34000
Weight Management: Beyond Balancing Calories,Emory University,COURSE,4.7,Beginner,34000
Politics and Economics of International Energy,Sciences Po,COURSE,4.7,Beginner,34000
Microeconomics: The Power of Markets,University of Pennsylvania,COURSE,4.7,Mixed,34000
Geopolítica y gobernanza global: riesgos y oportunidades,ESADE Business and Law School,COURSE,4.8,Mixed,34000
Software Development Lifecycle,University of Minnesota,SPECIALIZATION,4.6,Intermediate,34000
Dino 101: Dinosaur Paleobiology,University of Alberta,COURSE,4.5,Beginner,35000
International Women's Health and Human Rights,Stanford University,COURSE,4.9,Beginner,35000
Biohacking Your Brain's Health,Emory University,COURSE,4.6,Beginner,35000
"Recruiting, Hiring, and Onboarding Employees",University of Minnesota,COURSE,4.7,Mixed,35000
What future for education?,UCL Institute of Education,COURSE,4.7,Mixed,35000
IT Fundamentals for Cybersecurity,IBM,SPECIALIZATION,4.5,Beginner,35000
Advanced Machine Learning with TensorFlow on Google Cloud Platform,Google Cloud,SPECIALIZATION,4.5,Advanced,35000
Nutrition and Lifestyle in Pregnancy,Ludwig-Maximilians-Universität München (LMU),COURSE,4.8,Intermediate,35000
Epigenetic Control of Gene Expression,The University of Melbourne,COURSE,4.8,Mixed,35000
Modeling Risk and Realities,University of Pennsylvania,COURSE,4.6,Mixed,36000
Healthcare Marketplace,University of Minnesota,SPECIALIZATION,4.4,Beginner,36000
C# Programming for Unity Game Development,University of Colorado System,SPECIALIZATION,4.7,Beginner,36000
Probability and Statistics: To p or not to p?,University of London,COURSE,4.6,Beginner,36000
Google Cloud Platform Fundamentals for AWS Professionals,Google Cloud,COURSE,4.7,Intermediate,36000
Rethinking International Tax Law,Universiteit Leiden,COURSE,4.9,Mixed,36000
International Law in Action: A Guide to the International Courts and Tribunals in The Hague,Universiteit Leiden,COURSE,4.8,Mixed,36000
"Anatomy of the Chest, Abdomen, and Pelvis",Yale University,COURSE,4.8,Intermediate,36000
Internet Connection: How to Get Online?,Cisco,COURSE,4.7,Beginner,36000
Finding Purpose and Meaning In Life: Living for What Matters Most,University of Michigan,COURSE,4.7,Beginner,36000
Global Financial Markets and Instruments,Rice University,COURSE,4.6,Mixed,37000
Virtual Reality,"Goldsmiths, University of London",SPECIALIZATION,4.7,Beginner,37000
Digital Manufacturing & Design Technology,University at Buffalo,SPECIALIZATION,4.6,Beginner,37000
Coaching Skills for Managers,"University of California, Davis",SPECIALIZATION,4.7,Intermediate,37000
Cloud Computing Basics (Cloud 101),LearnQuest,COURSE,4.5,Beginner,37000
"Energy Production, Distribution & Safety",University at Buffalo,SPECIALIZATION,4.7,Beginner,37000
Kotlin for Java Developers,JetBrains,COURSE,4.7,Intermediate,37000
Success,University of Pennsylvania,COURSE,4.8,Beginner,38000
Internet Giants: The Law and Economics of Media Platforms,The University of Chicago,COURSE,4.8,Mixed,38000
Финансовые инструменты для частного инвестора,National Research University Higher School of Economics,SPECIALIZATION,4.7,Beginner,38000
Entrepreneurship 2: Launching your Start-Up,University of Pennsylvania,COURSE,4.8,Mixed,38000
Business English,Arizona State University,SPECIALIZATION,4.7,Intermediate,38000
Drug Discovery,University of California San Diego,COURSE,4.6,Beginner,39000
Introduction to Self-Driving Cars,University of Toronto,COURSE,4.8,Advanced,39000
Excel Skills for Business: Advanced,Macquarie University,COURSE,4.7,Intermediate,39000
Self-Driving Cars,University of Toronto,SPECIALIZATION,4.7,Advanced,39000
Process Mining: Data science in Action,Eindhoven University of Technology,COURSE,4.8,Intermediate,39000
Healing with the Arts,University of Florida,COURSE,4.6,Mixed,39000
Fundamentals of Accounting,University of Illinois at Urbana-Champaign,SPECIALIZATION,4.6,Beginner,39000
Marketing Digital,Universidad Austral,SPECIALIZATION,4.7,Beginner,39000
Practical Time Series Analysis,The State University of New York,COURSE,4.6,Intermediate,39000
ADHD: Everyday Strategies for Elementary Students,University at Buffalo,COURSE,4.7,Beginner,39000
Learn Mandarin Chinese,Shanghai Jiao Tong University,SPECIALIZATION,4.8,Beginner,39000
Excel Skills for Business: Intermediate II,Macquarie University,COURSE,4.8,Intermediate,39000
Version Control with Git,Atlassian,COURSE,4.8,Mixed,40000
Discrete Optimization,The University of Melbourne,COURSE,4.9,Intermediate,40000
Natural Language Processing in TensorFlow,deeplearning.ai,COURSE,4.6,Intermediate,40000
Positive Psychology: Resilience Skills,University of Pennsylvania,COURSE,4.6,Beginner,40000
Agile with Atlassian Jira,Atlassian,COURSE,4.7,Beginner,40000
Innovation Management,Erasmus University Rotterdam,COURSE,4.6,Beginner,40000
More Introduction to Financial Accounting,University of Pennsylvania,COURSE,4.9,Mixed,40000
Developing Your Musicianship,Berklee College of Music,COURSE,4.8,Mixed,41000
Introduction to Embedded Systems Software and Development Environments,University of Colorado Boulder,COURSE,4.5,Intermediate,41000
Python and Statistics for Financial Analysis,The Hong Kong University of Science and Technology,COURSE,4.4,Intermediate,41000
International Leadership and Organizational Behavior,Università Bocconi,COURSE,4.8,Mixed,41000
Основы разработки на C++: белый пояс,E-Learning Development Fund,COURSE,4.9,Intermediate,41000
Neurolinguistics,Saint Petersburg State University,COURSE,4.7,Mixed,41000
Applied Data Science Capstone,IBM,COURSE,4.7,Intermediate,42000
English for Research Publication Purposes,Moscow Institute of Physics and Technology,SPECIALIZATION,4.6,Intermediate,42000
Forensic Accounting and Fraud Examination,West Virginia University,COURSE,4.7,Mixed,42000
Music Business,Berklee College of Music,SPECIALIZATION,4.8,Beginner,42000
Introduction to Genomic Technologies,Johns Hopkins University,COURSE,4.6,Mixed,42000
Data Management for Clinical Research,Vanderbilt University,COURSE,4.7,Beginner,42000
Social and Economic Networks:  Models and Analysis,Stanford University,COURSE,4.8,Advanced,42000
Particle Physics: an Introduction,University of Geneva,COURSE,4.5,Mixed,42000
Making Architecture,IE School of Architecture & Design,COURSE,4.7,Beginner,43000
Communication Strategies for a Virtual Age,University of Toronto,COURSE,4.8,Beginner,43000
User Interface Design,University of Minnesota,SPECIALIZATION,4.6,Intermediate,43000
Habilidades Gerenciales,Universidad Nacional Autónoma de México,SPECIALIZATION,4.7,Beginner,43000
Construction Project Management,Columbia University,COURSE,4.8,Beginner,43000
Costos para los Negocios,Universidad de Chile,COURSE,4.8,Intermediate,43000
"Competencias digitales. Herramientas de ofimática (Microsoft Word, Excel, Power Point)",Universitat Autònoma de Barcelona,COURSE,4.7,Beginner,43000
Learn Chinese: HSK Test Preparation,Peking University,SPECIALIZATION,4.8,Beginner,43000
UCI Project Management,"University of California, Irvine",PROFESSIONAL CERTIFICATE,4.6,Beginner,44000
Democracia y decisiones públicas. Introducción al análisis de políticas públicas,Universitat Autònoma de Barcelona,COURSE,4.8,Beginner,44000
Mountains 101,University of Alberta,COURSE,4.9,Mixed,44000
Introduction to Artificial Intelligence (AI),IBM,COURSE,4.7,Beginner,44000
"Globalization, Economic Growth and Stability",IE Business School,SPECIALIZATION,4.8,Intermediate,44000
Погружение в Python,Moscow Institute of Physics and Technology,COURSE,4.7,Intermediate,45000
Survey Data Collection and Analytics,"University of Maryland, College Park",SPECIALIZATION,4.3,Beginner,45000
"Transmedia Storytelling: Narrative worlds, emerging technologies, and global audiences",UNSW Sydney (The University of New South Wales),COURSE,4.8,Mixed,45000
Front-End Web Development with React,The Hong Kong University of Science and Technology,COURSE,4.7,Intermediate,45000
Epidemics - the Dynamics of Infectious Diseases,The Pennsylvania State University,COURSE,4.8,Mixed,45000
Convolutional Neural Networks in TensorFlow,deeplearning.ai,COURSE,4.7,Intermediate,46000
Egiptología (Egyptology),Universitat Autònoma de Barcelona,COURSE,4.9,Beginner,46000
Introduction to Chemistry:  Reactions and Ratios,Duke University,COURSE,4.8,Beginner,46000
Introduction aux Droits de l’Homme,University of Geneva,COURSE,4.8,Mixed,46000
"High Performance Collaboration: Leadership, Teamwork, and Negotiation",Northwestern University,COURSE,4.8,Mixed,46000
Introduction to Forensic Science,"Nanyang Technological University, Singapore",COURSE,4.9,Mixed,47000
The Art of Music Production,Berklee College of Music,COURSE,4.8,Intermediate,47000
Managing Your Health: The Role of Physical Therapy and Exercise,University of Toronto,COURSE,4.6,Beginner,47000
The Manager's Toolkit: A Practical Guide to Managing People at Work,"Birkbeck, University of London",COURSE,4.6,Mixed,47000
"Presentation Skills: Speechwriting, Slides and Delivery",E-Learning Development Fund,SPECIALIZATION,4.6,Beginner,47000
"The Modern World, Part Two: Global History since 1910",University of Virginia,COURSE,4.8,Beginner,47000
Gestión de organizaciones efectivas,Pontificia Universidad Católica de Chile,COURSE,4.7,Mixed,47000
Search Engine Optimization Fundamentals,"University of California, Davis",COURSE,4.7,Mixed,47000
Fundamentos de la escritura,Tecnológico de Monterrey,COURSE,4.6,Beginner,47000
Materials Science: 10 Things Every Engineer Should Know,"University of California, Davis",COURSE,4.7,Mixed,48000
Systems Biology and Biotechnology,Icahn School of Medicine at Mount Sinai,SPECIALIZATION,4.4,Intermediate,48000
Business Writing,University of Colorado Boulder,COURSE,4.8,Beginner,48000
Introduction to Scripting in Python,Rice University,SPECIALIZATION,4.7,Beginner,49000
Marketing Gerencial,Universidad de Chile,COURSE,4.7,Intermediate,49000
Fundamentals of Engineering Exam Review,Georgia Institute of Technology,COURSE,4.7,Mixed,49000
Investment and Portfolio Management,Rice University,SPECIALIZATION,4.5,Beginner,49000
Understanding Plants - Part I: What a Plant Knows,Tel Aviv University,COURSE,4.8,Beginner,49000
Control of Mobile Robots,Georgia Institute of Technology,COURSE,4.8,Mixed,49000
Teamwork Skills: Communicating Effectively in Groups,University of Colorado Boulder,COURSE,4.8,Beginner,49000
Supporting children with difficulties in reading and writing,UCL Institute of Education,COURSE,4.8,Mixed,50000
The Science of Gastronomy,The Hong Kong University of Science and Technology,COURSE,4.6,Mixed,50000
Positive Psychology: Martin E. P. Seligman’s Visionary Science,University of Pennsylvania,COURSE,4.8,Beginner,50000
Mathematics for Machine Learning: Multivariate Calculus,Imperial College London,COURSE,4.7,Beginner,51000
Indigenous Canada,University of Alberta,COURSE,4.8,Mixed,51000
Classical Sociological Theory,University of Amsterdam,COURSE,4.8,Mixed,51000
Claves de la Dirección de Empresas,IESE Business School,SPECIALIZATION,4.8,Beginner,51000
Public Policy Challenges of the 21st Century,University of Virginia,COURSE,4.6,Beginner,52000
From the Big Bang to Dark Energy,The University of Tokyo,COURSE,4.8,Beginner,52000
Программирование на Python,Mail.Ru Group,SPECIALIZATION,4.5,Intermediate,52000
Learn English: Advanced Grammar and Punctuation,"University of California, Irvine",SPECIALIZATION,4.8,Advanced,52000
Mastering Software Development in R,Johns Hopkins University,SPECIALIZATION,4.3,Beginner,52000
Introduction to Calculus,The University of Sydney,COURSE,4.8,Intermediate,53000
Teaching Character and Creating Positive Classrooms,Relay Graduate School of Education,COURSE,4.8,Mixed,53000
"Excel/VBA for Creative Problem Solving, Part 1",University of Colorado Boulder,COURSE,4.8,Beginner,54000
Developing Your Musicianship,Berklee College of Music,SPECIALIZATION,4.8,Beginner,54000
Essentials of Corporate Finance,The University of Melbourne,SPECIALIZATION,4.6,Intermediate,54000
Devenir entrepreneur du changement,Ticket for Change,COURSE,4.7,Mixed,54000
Introduction to Imagemaking,California Institute of the Arts,COURSE,4.5,Beginner,54000
Cómo hablar bien en público,Universitat Autònoma de Barcelona,COURSE,4.8,Beginner,55000
Managerial Economics and Business Analysis,University of Illinois at Urbana-Champaign,SPECIALIZATION,4.7,Beginner,55000
Behavioral Finance,Duke University,COURSE,4.4,Mixed,55000
Excel/VBA for Creative Problem Solving,University of Colorado Boulder,SPECIALIZATION,4.8,Beginner,56000
Greening the Economy: Sustainable Cities,Lund University,COURSE,4.6,Beginner,56000
Fundamentos Estratégicos Empresariales,Universidad Nacional Autónoma de México,SPECIALIZATION,4.6,Beginner,56000
Autism Spectrum Disorder,"University of California, Davis",COURSE,4.6,Mixed,56000
Corporate Finance Essentials,IESE Business School,COURSE,4.8,Mixed,56000
Cisco Networking Basics,Cisco,SPECIALIZATION,4.7,Beginner,57000
Digital Media and Marketing Strategies,University of Illinois at Urbana-Champaign,COURSE,4.4,Mixed,57000
Marketing Strategy,IE Business School,SPECIALIZATION,4.4,Beginner,57000
Oil & Gas Industry Operations and Markets,Duke University,COURSE,4.8,Mixed,57000
Elastic Google Cloud Infrastructure: Scaling and Automation,Google Cloud,COURSE,4.7,Intermediate,57000
"Brand Management: Aligning Business, Brand and Behaviour",London Business School,COURSE,4.9,Beginner,57000
Food & Beverage Management,Università Bocconi,COURSE,4.8,Mixed,57000
Digital Product Management: Modern Fundamentals,University of Virginia,COURSE,4.7,Beginner,58000
Strategic Management,Copenhagen Business School,COURSE,4.7,Mixed,58000
Machine Learning for Business Professionals,Google Cloud,COURSE,4.6,Intermediate,58000
Marketing Verde,Universidad de los Andes,COURSE,4.8,Mixed,58000
The Science of Success: What Researchers Know that You Should Know,University of Michigan,COURSE,4.8,Beginner,59000
Getting Started With Music Theory,Michigan State University,COURSE,4.5,Beginner,59000
Municipal Solid Waste Management in Developing Countries,École Polytechnique Fédérale de Lausanne,COURSE,4.8,Intermediate,59000
Getting Started with Go,"University of California, Irvine",COURSE,4.6,Intermediate,59000
Introduction to Ableton Live,Berklee College of Music,COURSE,4.8,Mixed,60000
Software Processes and Agile Practices,University of Alberta,COURSE,4.7,Mixed,60000
Software Design and Architecture,University of Alberta,SPECIALIZATION,4.6,Beginner,60000
Financial Markets and Investment Strategy,Indian School of Business,SPECIALIZATION,4.5,Beginner,60000
Marketing con Redes Sociales,Tecnológico de Monterrey,SPECIALIZATION,4.4,Intermediate,60000
Strategic Business Analytics,ESSEC Business School,SPECIALIZATION,4.3,Advanced,60000
Data Visualization with Advanced Excel,PwC,COURSE,4.8,Beginner,60000
AI Foundations for Everyone,IBM,SPECIALIZATION,4.7,Beginner,61000
Becoming a changemaker: Introduction to Social Innovation,University of Cape Town,COURSE,4.8,Beginner,61000
Sharpened Visions: A Poetry Workshop,California Institute of the Arts,COURSE,4.7,Beginner,61000
Construction Management,Columbia University,SPECIALIZATION,4.7,Beginner,61000
Gut Check: Exploring Your Microbiome,University of California San Diego,COURSE,4.7,Mixed,62000
System Administration and IT Infrastructure Services,Google,COURSE,4.7,Beginner,62000
Hacia una práctica constructivista en el aula,Pontificia Universidad Católica de Chile,COURSE,4.8,Mixed,62000
Foundations of Everyday Leadership,University of Illinois at Urbana-Champaign,COURSE,4.8,Mixed,62000
IT Security: Defense against the digital dark arts,Google,COURSE,4.8,Beginner,62000
"TESOL Certificate, Part 2: Teach English Now!",Arizona State University,SPECIALIZATION,4.9,Beginner,62000
Antimicrobial resistance - theory and methods,Technical University of Denmark (DTU),COURSE,4.6,Intermediate,63000
Value Chain Management,University of Illinois at Urbana-Champaign,SPECIALIZATION,4.7,Intermediate,63000
Foundations of Business Strategy,University of Virginia,COURSE,4.8,Beginner,63000
Foundations of Management,IESE Business School,SPECIALIZATION,4.8,Beginner,64000
Financial Accounting Fundamentals,University of Virginia,COURSE,4.8,Beginner,65000
Supply Chain Logistics,Rutgers the State University of New Jersey,COURSE,4.7,Beginner,66000
Interviewing and Resume Writing in English,"University of Maryland, College Park",SPECIALIZATION,4.6,Intermediate,66000
Astrobiology and the Search for Extraterrestrial Life,The University of Edinburgh,COURSE,4.7,Mixed,66000
Conflict Management,"University of California, Irvine",SPECIALIZATION,4.3,Beginner,66000
Data Visualization with Python,IBM,COURSE,4.6,Intermediate,66000
Математика и Python для анализа данных,E-Learning Development Fund,COURSE,4.8,Beginner,67000
Power Electronics,University of Colorado Boulder,SPECIALIZATION,4.8,Intermediate,67000
Design and Interpretation of Clinical Trials,Johns Hopkins University,COURSE,4.7,Mixed,67000
Business Technology Management,Indian School of Business,SPECIALIZATION,4.5,Beginner,67000
Building Your Leadership Skills,HEC Paris,COURSE,4.5,Mixed,67000
Introduction to Systematic Review and Meta-Analysis,Johns Hopkins University,COURSE,4.8,Mixed,67000
Искусство разработки на современном C++,E-Learning Development Fund,SPECIALIZATION,4.9,Intermediate,68000
Probabilistic Graphical Models 1: Representation,Stanford University,COURSE,4.7,Advanced,68000
Blockchain,University at Buffalo,SPECIALIZATION,4.6,Intermediate,68000
Strategic Management and Innovation,Copenhagen Business School,SPECIALIZATION,4.7,Beginner,68000
UI / UX Design,California Institute of the Arts,SPECIALIZATION,4.7,Beginner,68000
Learning to Teach Online,UNSW Sydney (The University of New South Wales),COURSE,4.7,Beginner,68000
Songwriting: Writing the Lyrics,Berklee College of Music,COURSE,4.8,Beginner,68000
Preparing to Manage Human Resources,University of Minnesota,COURSE,4.8,Mixed,68000
Essential Google Cloud Infrastructure: Core Services,Google Cloud,COURSE,4.7,Intermediate,68000
Trading Strategies in Emerging Markets,Indian School of Business,SPECIALIZATION,4.3,Beginner,68000
Finance for Non-Finance Professionals,Rice University,COURSE,4.8,Beginner,69000
Introduction to Sustainability,University of Illinois at Urbana-Champaign,COURSE,4.8,Mixed,69000
Agile Meets Design Thinking,University of Virginia,COURSE,4.7,Beginner,69000
Éxito Profesional,"University of California, Irvine",SPECIALIZATION,4.5,Beginner,69000
Quantitative Methods,University of Amsterdam,COURSE,4.7,Mixed,69000
An Introduction to Consumer Neuroscience & Neuromarketing,Copenhagen Business School,COURSE,4.7,Beginner,69000
Entrepreneurship: Launching an Innovative Business,"University of Maryland, College Park",SPECIALIZATION,4.6,Beginner,69000
Music Production,Berklee College of Music,SPECIALIZATION,4.8,Beginner,70000
Project Execution,"University of California, Irvine",COURSE,4.2,Beginner,70000
Animal Behaviour and Welfare,The University of Edinburgh,COURSE,4.8,Mixed,71000
Managing Project Risks and Changes,"University of California, Irvine",COURSE,4.7,Mixed,71000
Spanish Vocabulary: Meeting People,"University of California, Davis",COURSE,4.6,Beginner,71000
Positive Psychiatry and Mental Health,The University of Sydney,COURSE,4.8,Mixed,72000
Machine Learning with TensorFlow on Google Cloud Platform,Google Cloud,SPECIALIZATION,4.5,Intermediate,72000
Introduction to Typography,California Institute of the Arts,COURSE,4.8,Beginner,72000
Inspirational Leadership: Leading with Sense,HEC Paris,SPECIALIZATION,4.5,Beginner,72000
Microeconomics Principles,University of Illinois at Urbana-Champaign,COURSE,4.9,Beginner,73000
Getting Started with AWS Machine Learning,Amazon Web Services,COURSE,4.5,Intermediate,73000
The Arts and Science of Relationships: Understanding Human Needs,University of Toronto,COURSE,4.5,Beginner,73000
Introduction to Genetics and Evolution,Duke University,COURSE,4.8,Mixed,74000
Getting Started with Google Kubernetes Engine,Google Cloud,COURSE,4.5,Intermediate,75000
"Corrección, estilo y  variaciones de la lengua española",Universitat Autònoma de Barcelona,COURSE,4.6,Beginner,75000
Introduction to Discrete Mathematics for Computer Science,National Research University Higher School of Economics,SPECIALIZATION,4.4,Beginner,75000
Excel Skills for Business: Intermediate I,Macquarie University,COURSE,4.9,Intermediate,76000
Financial Management,University of Illinois at Urbana-Champaign,SPECIALIZATION,4.7,Intermediate,76000
Operating Systems and You: Becoming a Power User,Google,COURSE,4.6,Beginner,76000
Introduction to Web Development,"University of California, Davis",COURSE,4.7,Beginner,76000
Introduction to Spreadsheets and Models,University of Pennsylvania,COURSE,4.2,Mixed,76000
iOS App Development with Swift,University of Toronto,SPECIALIZATION,3.9,Intermediate,76000
Business English: Networking,University of Washington,COURSE,4.7,Intermediate,77000
Машинное обучение и анализ данных,E-Learning Development Fund,SPECIALIZATION,4.7,Intermediate,77000
Understanding Clinical Research: Behind the Statistics,University of Cape Town,COURSE,4.8,Mixed,78000
Advanced Business Analytics,University of Colorado Boulder,SPECIALIZATION,4.5,Intermediate,78000
Magic in the Middle Ages,Universitat de Barcelona,COURSE,4.6,Beginner,78000
Learn English: Advanced Academic Speaking and Listening,"University of California, Irvine",SPECIALIZATION,4.5,Intermediate,78000
"Social Norms, Social Change I",University of Pennsylvania,COURSE,4.6,Beginner,78000
Introduction to Game Development,Michigan State University,COURSE,4.8,Mixed,79000
Art & Activity: Interactive Strategies for Engaging with Art,The Museum of Modern Art,COURSE,4.8,Mixed,79000
In the Studio: Postwar Abstract Painting,The Museum of Modern Art,COURSE,4.9,Beginner,79000
Private Equity and Venture Capital,Università Bocconi,COURSE,4.8,Mixed,79000
Perfect Tenses and Modals,"University of California, Irvine",COURSE,4.7,Intermediate,79000
Global Diplomacy – Diplomacy in the Modern World,SOAS University of London,COURSE,4.6,Mixed,79000
Genomic Data Science,Johns Hopkins University,SPECIALIZATION,4.4,Intermediate,80000
Operations Analytics,University of Pennsylvania,COURSE,4.7,Mixed,80000
Accounting Analytics,University of Pennsylvania,COURSE,4.5,Mixed,80000
Learn Spanish: Basic Spanish Vocabulary,"University of California, Davis",SPECIALIZATION,4.6,Beginner,80000
Teach English Now! Foundational Principles,Arizona State University,COURSE,4.9,Mixed,81000
Crash Course on Python,Google,COURSE,4.8,Beginner,81000
Marketing Digital,Universidade de São Paulo,COURSE,4.8,Beginner,81000
Fundamentals of Visualization with Tableau,"University of California, Davis",COURSE,4.5,Beginner,81000
"Capstone: Retrieving, Processing, and Visualizing Data with Python",University of Michigan,COURSE,4.6,Mixed,82000
Introduction to International Criminal Law,Case Western Reserve University,COURSE,4.8,Mixed,82000
Supply Chain Management,Rutgers the State University of New Jersey,SPECIALIZATION,4.7,Beginner,82000
Introduction to Programming in C,Duke University,SPECIALIZATION,4.7,Beginner,82000
Plant Bioinformatic Methods,University of Toronto,SPECIALIZATION,4.7,Beginner,83000
Essential Google Cloud Infrastructure: Foundation,Google Cloud,COURSE,4.7,Intermediate,83000
Основы программирования на Python,National Research University Higher School of Economics,COURSE,4.6,Beginner,83000
Economics of Money and Banking,Columbia University,COURSE,4.9,Mixed,83000
Introduction to CSS3,University of Michigan,COURSE,4.8,Mixed,84000
The Business of Music Production,Berklee College of Music,SPECIALIZATION,4.8,Beginner,84000
People Analytics,University of Pennsylvania,COURSE,4.5,Mixed,84000
The Global Financial Crisis,Yale University,COURSE,4.8,Mixed,84000
Budgeting and Scheduling Projects,"University of California, Irvine",COURSE,4.7,Mixed,84000
Inspiring and Motivating Individuals,University of Michigan,COURSE,4.8,Mixed,85000
Fundamentals of GIS,"University of California, Davis",COURSE,4.8,Beginner,86000
Everyday Parenting: The ABCs of Child Rearing,Yale University,COURSE,4.9,Beginner,86000
Entrepreneurship 1: Developing the Opportunity,University of Pennsylvania,COURSE,4.8,Mixed,86000
Introduction to User Experience Design,Georgia Institute of Technology,COURSE,4.5,Beginner,87000
Introduction to Operations Management,University of Pennsylvania,COURSE,4.5,Mixed,87000
Biology Meets Programming: Bioinformatics for Beginners,University of California San Diego,COURSE,4.4,Beginner,88000
Understanding Einstein: The Special Theory of Relativity,Stanford University,COURSE,4.9,Beginner,89000
Data Science Methodology,IBM,COURSE,4.6,Beginner,89000
Foundations of Positive Psychology,University of Pennsylvania,SPECIALIZATION,4.8,Beginner,89000
Business Strategy,University of Virginia,SPECIALIZATION,4.7,Beginner,89000
Front-End Web UI Frameworks and Tools: Bootstrap 4,The Hong Kong University of Science and Technology,COURSE,4.8,Intermediate,89000
Terrorism and Counterterrorism: Comparing Theory and Practice,Universiteit Leiden,COURSE,4.8,Beginner,90000
A Law Student's Toolkit,Yale University,COURSE,4.7,Mixed,91000
Bayesian Statistics: From Concept to Data Analysis,"University of California, Santa Cruz",COURSE,4.8,Intermediate,91000
Organizational Leadership,Northwestern University,SPECIALIZATION,4.7,Intermediate,92000
Google IT Automation with Python,Google,PROFESSIONAL CERTIFICATE,4.7,Beginner,93000
Marketing Mix Implementation,IE Business School,SPECIALIZATION,4.6,Beginner,93000
Agile Development,University of Virginia,SPECIALIZATION,4.7,Beginner,94000
What is Social?,Northwestern University,COURSE,4.6,Mixed,94000
Negociación exitosa: Estrategias y habilidades esenciales (en español),University of Michigan,COURSE,4.8,Mixed,95000
Build a Modern Computer from First Principles: From Nand to Tetris (Project-Centered Course),Hebrew University of Jerusalem,COURSE,4.9,Mixed,95000
Data Visualization with Tableau,"University of California, Davis",SPECIALIZATION,4.5,Beginner,96000
Inspired Leadership,Case Western Reserve University,SPECIALIZATION,4.7,Intermediate,97000
Design and Make Infographics (Project-Centered Course),Michigan State University,COURSE,4.7,Mixed,97000
Geographic Information Systems  (GIS),"University of California, Davis",SPECIALIZATION,4.8,Beginner,97000
"Applied Plotting, Charting & Data Representation in Python",University of Michigan,COURSE,4.6,Intermediate,97000
Human Resource Management: HR for People Managers,University of Minnesota,SPECIALIZATION,4.7,Beginner,98000
Investment Management,University of Geneva,SPECIALIZATION,4.7,Beginner,99000
Cybersecurity,"University of Maryland, College Park",SPECIALIZATION,4.5,Intermediate,99000
Introduction to Data Analysis Using Excel,Rice University,COURSE,4.7,Mixed,99000
Data Analysis and Interpretation,Wesleyan University,SPECIALIZATION,4.4,Beginner,100000
Game Design and Development,Michigan State University,SPECIALIZATION,4.7,Intermediate,100000
The Strategy of Content Marketing,"University of California, Davis",COURSE,4.5,Intermediate,100000
"TESOL Certificate, Part 1: Teach English Now!",Arizona State University,SPECIALIZATION,4.9,Beginner,100000
Introducción a la programación en Python I: Aprendiendo a programar con Python,Pontificia Universidad Católica de Chile,COURSE,4.4,Beginner,100000
Nutrición y obesidad: control de sobrepeso,Universidad Nacional Autónoma de México,COURSE,4.8,Beginner,100000
Financial Engineering and Risk Management Part I,Columbia University,COURSE,4.6,Mixed,100000
Moral Foundations of Politics,Yale University,COURSE,4.8,Mixed,100000
Strategic Leadership and Management,University of Illinois at Urbana-Champaign,SPECIALIZATION,4.7,Beginner,100000
Software Product Management,University of Alberta,SPECIALIZATION,4.6,Beginner,110000
"English for Science, Technology, Engineering, and Mathematics",University of Pennsylvania,COURSE,4.8,Beginner,110000
Entrepreneurship,University of Pennsylvania,SPECIALIZATION,4.8,Beginner,110000
Databases and SQL for Data Science,IBM,COURSE,4.7,Beginner,110000
Business Statistics and Analysis,Rice University,SPECIALIZATION,4.7,Beginner,110000
Tricky American English Pronunciation,"University of California, Irvine",COURSE,4.7,Beginner,110000
AWS Fundamentals: Going Cloud-Native,Amazon Web Services,COURSE,4.7,Beginner,110000
Electronic Music Production,Berklee College of Music,SPECIALIZATION,4.8,Intermediate,110000
Cloud Computing,University of Illinois at Urbana-Champaign,SPECIALIZATION,4.4,Intermediate,110000
Fundamentals of Quantitative Modeling,University of Pennsylvania,COURSE,4.6,Mixed,110000
Sexualidad...mucho más que sexo,Universidad de los Andes,COURSE,4.8,Beginner,110000
Data Analysis with Python,IBM,COURSE,4.7,Beginner,110000
Econometrics: Methods and Applications,Erasmus University Rotterdam,COURSE,4.7,Mixed,110000
Dynamic Public Speaking,University of Washington,SPECIALIZATION,4.7,Beginner,110000
Python Basics,University of Michigan,COURSE,4.8,Beginner,110000
Achieving Personal and Professional Success,University of Pennsylvania,SPECIALIZATION,4.7,Beginner,110000
Introduction to Electronics,Georgia Institute of Technology,COURSE,4.7,Mixed,110000
Gamification,University of Pennsylvania,COURSE,4.8,Mixed,110000
Fundamentos de Finanzas Empresariales,Universidad de los Andes,COURSE,4.8,Beginner,110000
Introduction to the Biology of Cancer,Johns Hopkins University,COURSE,4.8,Beginner,110000
Fundamentals of Project Planning and Management,University of Virginia,COURSE,4.7,Beginner,120000
Creative Writing: The Craft of Plot,Wesleyan University,COURSE,4.7,Mixed,120000
Code Yourself! An Introduction to Programming,The University of Edinburgh,COURSE,4.7,Beginner,120000
Business English Communication Skills,University of Washington,SPECIALIZATION,4.7,Intermediate,120000
Robotics,University of Pennsylvania,SPECIALIZATION,4.4,Beginner,120000
Google Cloud Platform Big Data and Machine Learning Fundamentals,Google Cloud,COURSE,4.6,Intermediate,120000
What Is Contemporary Art?,The Museum of Modern Art,COURSE,4.7,Beginner,120000
Learn to Speak Korean 1,Yonsei University,COURSE,4.9,Beginner,120000
Machine Learning with Python,IBM,COURSE,4.7,Intermediate,120000
Management of Fashion and Luxury Companies,Università Bocconi,COURSE,4.7,Mixed,120000
Understanding Research Methods,SOAS University of London,COURSE,4.5,Mixed,120000
Data Engineering with Google Cloud,Google Cloud,PROFESSIONAL CERTIFICATE,4.6,Intermediate,120000
The DIY Musician,Berklee College of Music,SPECIALIZATION,4.8,Beginner,120000
Data-driven Decision Making,PwC,COURSE,4.6,Beginner,120000
"Data Engineering, Big Data, and Machine Learning on GCP",Google Cloud,SPECIALIZATION,4.6,Intermediate,120000
Miracles of Human Language: An Introduction to Linguistics,Universiteit Leiden,COURSE,4.7,Beginner,120000
Tools for Data Science,IBM,COURSE,4.6,Beginner,120000
Android App Development,Vanderbilt University,SPECIALIZATION,4.5,Beginner,120000
Web Applications for Everybody,University of Michigan,SPECIALIZATION,4.8,Intermediate,120000
Introdução à Ciência da Computação com Python Parte 1,Universidade de São Paulo,COURSE,4.9,Beginner,120000
The Power of Microeconomics: Economic Principles in the Real World,"University of California, Irvine",COURSE,4.7,Mixed,120000
Learn English: Intermediate Grammar,"University of California, Irvine",SPECIALIZATION,4.7,Intermediate,120000
Model Thinking,University of Michigan,COURSE,4.8,Mixed,130000
Data Visualization and Communication with Tableau,Duke University,COURSE,4.7,Mixed,130000
AWS Fundamentals,Amazon Web Services,SPECIALIZATION,4.6,Beginner,130000
Introduction to Corporate Finance,University of Pennsylvania,COURSE,4.6,Mixed,130000
"The Modern World, Part One: Global History from 1760 to 1910",University of Virginia,COURSE,4.8,Beginner,130000
Understanding the Brain: The Neurobiology of Everyday Life,The University of Chicago,COURSE,4.9,Beginner,130000
English for Journalism,University of Pennsylvania,COURSE,4.8,Mixed,130000
Social Media Marketing,Northwestern University,SPECIALIZATION,4.6,Beginner,130000
"Divide and Conquer, Sorting and Searching, and Randomized Algorithms",Stanford University,COURSE,4.8,Intermediate,130000
"Cameras, Exposure, and Photography",Michigan State University,COURSE,4.7,Mixed,130000
Epidemiology: The Basic Science of Public Health,The University of North Carolina at Chapel Hill,COURSE,4.6,Mixed,130000
The Addicted Brain,Emory University,COURSE,4.6,Beginner,130000
The Bits and Bytes of Computer Networking,Google,COURSE,4.7,Beginner,130000
A Crash Course in Data Science,Johns Hopkins University,COURSE,4.5,Mixed,130000
How To Create a Website in a Weekend! (Project-Centered Course),The State University of New York,COURSE,3.3,Mixed,140000
IBM AI Engineering,IBM,PROFESSIONAL CERTIFICATE,4.6,Intermediate,140000
Cybersecurity and Its Ten Domains,University System of Georgia,COURSE,4.2,Beginner,140000
Data Science Math Skills,Duke University,COURSE,4.5,Beginner,140000
Data Mining,University of Illinois at Urbana-Champaign,SPECIALIZATION,4.4,Intermediate,140000
Introducción a Data Science: Programación Estadística con R,Universidad Nacional Autónoma de México,COURSE,4.7,Beginner,140000
Data Warehousing for Business Intelligence,University of Colorado System,SPECIALIZATION,4.5,Advanced,140000
Science of Exercise,University of Colorado Boulder,COURSE,4.8,Beginner,140000
"GIS, Mapping, and Spatial Analysis",University of Toronto,SPECIALIZATION,4.8,Beginner,140000
Mathematics for Machine Learning: Linear Algebra,Imperial College London,COURSE,4.7,Beginner,140000
Digital Product Management,University of Virginia,SPECIALIZATION,4.7,Beginner,140000
Full-Stack Web Development with React,The Hong Kong University of Science and Technology,SPECIALIZATION,4.7,Intermediate,140000
Creative Writing,Wesleyan University,SPECIALIZATION,4.6,Beginner,140000
Introduction to Personal Branding,University of Virginia,COURSE,4.4,Beginner,140000
Writing in the Sciences,Stanford University,COURSE,4.9,Beginner,140000
Creative Problem Solving,University of Minnesota,COURSE,4.3,Mixed,140000
Dog Emotion and Cognition,Duke University,COURSE,4.6,Mixed,150000
Applied Machine Learning in Python,University of Michigan,COURSE,4.6,Intermediate,150000
Full Stack Web and Multiplatform Mobile App Development,The Hong Kong University of Science and Technology,SPECIALIZATION,4.7,Intermediate,150000
Fundamentos de Excel para Negocios,Universidad Austral,COURSE,4.7,Beginner,150000
Introduction to Engineering Mechanics,Georgia Institute of Technology,COURSE,4.7,Mixed,150000
Interaction Design,University of California San Diego,SPECIALIZATION,4.5,Intermediate,150000
Arizona State University TESOL,Arizona State University,PROFESSIONAL CERTIFICATE,4.9,Beginner,150000
De-Mystifying Mindfulness,Universiteit Leiden,COURSE,4.8,Beginner,150000
"Introduction to TensorFlow for Artificial Intelligence, Machine Learning, and Deep Learning",deeplearning.ai,COURSE,4.7,Intermediate,150000
Algorithms,Stanford University,SPECIALIZATION,4.8,Intermediate,150000
Mathematics for Machine Learning,Imperial College London,SPECIALIZATION,4.6,Beginner,150000
Introduction to Classical Music,Yale University,COURSE,4.9,Mixed,150000
Viral Marketing and How to Craft Contagious Content,University of Pennsylvania,COURSE,4.7,Mixed,150000
"Creatividad, diseño e innovación: Técnicas y herramientas",Arizona State University,SPECIALIZATION,4.7,Beginner,150000
Business and Financial Modeling,University of Pennsylvania,SPECIALIZATION,4.5,Beginner,160000
Java Programming: Solving Problems with Software,Duke University,COURSE,4.6,Beginner,160000
SQL for Data Science,"University of California, Davis",COURSE,4.6,Beginner,160000
Photography Basics and Beyond: From Smartphone to DSLR,Michigan State University,SPECIALIZATION,4.7,Beginner,160000
Learn SQL Basics for Data Science,"University of California, Davis",SPECIALIZATION,4.6,Beginner,160000
Introduction to Big Data,University of California San Diego,COURSE,4.6,Mixed,160000
Introduction to Probability and Data,Duke University,COURSE,4.7,Beginner,160000
TensorFlow in Practice,deeplearning.ai,SPECIALIZATION,4.7,Intermediate,170000
How Things Work: An Introduction to Physics,University of Virginia,COURSE,4.8,Intermediate,170000
Python for Data Science and AI,IBM,COURSE,4.6,Beginner,170000
Responsive Website Development and Design,"Goldsmiths, University of London",SPECIALIZATION,4.5,Beginner,170000
Executive Data Science,Johns Hopkins University,SPECIALIZATION,4.5,Beginner,170000
Functional Programming Principles in Scala,École Polytechnique Fédérale de Lausanne,COURSE,4.8,Intermediate,170000
Medical Neuroscience,Duke University,COURSE,4.9,Advanced,170000
Positive Psychology,The University of North Carolina at Chapel Hill,COURSE,4.7,Mixed,180000
Fundamentals of Music Theory,The University of Edinburgh,COURSE,4.6,Beginner,180000
Fashion as Design,The Museum of Modern Art,COURSE,4.8,Beginner,180000
Basic Statistics,University of Amsterdam,COURSE,4.6,Beginner,180000
Initiating and Planning Projects,"University of California, Irvine",COURSE,4.7,Mixed,180000
Aprendiendo a aprender: Poderosas herramientas mentales con las que podrás dominar temas difíciles (Learning How to Learn),University of California San Diego,COURSE,4.9,Beginner,180000
Learn to Program: The Fundamentals,University of Toronto,COURSE,4.8,Beginner,180000
The Power of Macroeconomics: Economic Principles in the Real World,"University of California, Irvine",COURSE,4.6,Mixed,180000
Vital Signs: Understanding What the Body Is Telling Us,University of Pennsylvania,COURSE,4.8,Mixed,190000
Project Launch,"University of California, Irvine",COURSE,4.7,Beginner,190000
Étudier en France: French Intermediate course B1-B2,École Polytechnique,COURSE,4.8,Intermediate,190000
Advanced Machine Learning,National Research University Higher School of Economics,SPECIALIZATION,4.5,Advanced,190000
Psychological First Aid,Johns Hopkins University,COURSE,4.8,Mixed,190000
Fundamentals of Computing,Rice University,SPECIALIZATION,4.8,Beginner,200000
Think Again I: How to Understand Arguments,Duke University,COURSE,4.6,Beginner,200000
English Composition I,Duke University,COURSE,4.6,Beginner,200000
Excel Skills for Business: Essentials,Macquarie University,COURSE,4.9,Beginner,200000
Aprender,Universidad Nacional Autónoma de México,COURSE,4.8,Mixed,200000
Introduction to Financial Accounting,University of Pennsylvania,COURSE,4.7,Mixed,200000
Guitar for Beginners,Berklee College of Music,COURSE,4.8,Mixed,210000
Become a CBRS Certified Professional Installer by Google,Google - Spectrum Sharing,COURSE,4.9,Mixed,210000
Data Science: Statistics and Machine Learning,Johns Hopkins University,SPECIALIZATION,4.4,Intermediate,210000
COVID-19 Contact Tracing,Johns Hopkins University,COURSE,4.9,Beginner,220000
Leading People and Teams,University of Michigan,SPECIALIZATION,4.7,Beginner,220000
Using Databases with Python,University of Michigan,COURSE,4.8,Mixed,220000
Data Analysis and Presentation Skills: the PwC Approach,PwC,SPECIALIZATION,4.6,Beginner,220000
Functional Programming in Scala,École Polytechnique Fédérale de Lausanne,SPECIALIZATION,4.7,Intermediate,220000
Contabilidad para no contadores,Universidad Nacional Autónoma de México,COURSE,4.7,Beginner,220000
Applied Data Science,IBM,SPECIALIZATION,4.6,Beginner,220000
Statistics with R,Duke University,SPECIALIZATION,4.7,Beginner,220000
Algorithmic Toolbox,University of California San Diego,COURSE,4.7,Intermediate,220000
Structuring Machine Learning Projects,deeplearning.ai,COURSE,4.8,Beginner,220000
Introduction to Marketing,University of Pennsylvania,COURSE,4.8,Mixed,220000
IBM Applied AI,IBM,PROFESSIONAL CERTIFICATE,4.6,Beginner,220000
Introduction to HTML5,University of Michigan,COURSE,4.7,Mixed,220000
Social Psychology,Wesleyan University,COURSE,4.7,Beginner,220000
Project Management Principles and Practices,"University of California, Irvine",SPECIALIZATION,4.7,Beginner,230000
English for Business and Entrepreneurship,University of Pennsylvania,COURSE,4.8,Beginner,230000
Mindshift: Break Through Obstacles to Learning and Discover Your Hidden Potential,McMaster University,COURSE,4.8,Beginner,230000
Design Thinking for Innovation,University of Virginia,COURSE,4.6,Beginner,240000
"HTML, CSS, and Javascript for Web Developers",Johns Hopkins University,COURSE,4.8,Mixed,240000
Machine Learning Foundations: A Case Study Approach,University of Washington,COURSE,4.6,Mixed,240000
Excel Skills for Business,Macquarie University,SPECIALIZATION,4.9,Beginner,240000
Convolutional Neural Networks,deeplearning.ai,COURSE,4.9,Intermediate,240000
"Programming Foundations with JavaScript, HTML and CSS",Duke University,COURSE,4.6,Beginner,250000
Object Oriented Java Programming: Data Structures and Beyond,University of California San Diego,SPECIALIZATION,4.7,Intermediate,250000
Methods and Statistics in Social Sciences,University of Amsterdam,SPECIALIZATION,4.6,Beginner,260000
What is Data Science?,IBM,COURSE,4.7,Beginner,260000
Finance & Quantitative Modeling for Analysts,University of Pennsylvania,SPECIALIZATION,4.5,Beginner,260000
Game Theory,Stanford University,COURSE,4.6,Beginner,260000
Greek and Roman Mythology,University of Pennsylvania,COURSE,4.8,Mixed,260000
An Introduction to Programming the Internet of Things (IOT),"University of California, Irvine",SPECIALIZATION,4.6,Beginner,270000
Introductory Human Physiology,Duke University,COURSE,4.7,Mixed,270000
Introduction to Psychology,Yale University,COURSE,4.9,Beginner,270000
Write Professional Emails in English,Georgia Institute of Technology,COURSE,4.7,Mixed,270000
Introduction to Mathematical Thinking,Stanford University,COURSE,4.8,Intermediate,270000
Introduction to Programming with MATLAB,Vanderbilt University,COURSE,4.8,Beginner,270000
"Improving Deep Neural Networks: Hyperparameter tuning, Regularization and Optimization",deeplearning.ai,COURSE,4.9,Beginner,270000
Mastering Data Analysis in Excel,Duke University,COURSE,4.2,Mixed,280000
Primeros Auxilios Psicológicos (PAP),Universitat Autònoma de Barcelona,COURSE,4.8,Mixed,280000
Technical Support Fundamentals,Google,COURSE,4.8,Beginner,280000
Web Design for Everybody: Basics of Web Development & Coding,University of Michigan,SPECIALIZATION,4.7,Beginner,280000
Business Analytics,University of Pennsylvania,SPECIALIZATION,4.6,Beginner,280000
Networking in Google Cloud,Google Cloud,SPECIALIZATION,4.7,Intermediate,290000
Fundamentals of Graphic Design,California Institute of the Arts,COURSE,4.8,Beginner,290000
Machine Learning,University of Washington,SPECIALIZATION,4.6,Intermediate,290000
Developing Applications with Google Cloud Platform,Google Cloud,SPECIALIZATION,4.7,Intermediate,300000
Security in Google Cloud Platform,Google Cloud,SPECIALIZATION,4.7,Intermediate,300000
Using Python to Access Web Data,University of Michigan,COURSE,4.8,Mixed,310000
Introduction to Data Science,IBM,SPECIALIZATION,4.6,Beginner,310000
Modern Art & Ideas,The Museum of Modern Art,COURSE,4.7,Beginner,310000
Cloud Engineering with Google Cloud,Google Cloud,PROFESSIONAL CERTIFICATE,4.7,Intermediate,310000
Finanzas personales,Universidad Nacional Autónoma de México,COURSE,4.8,Mixed,310000
Marketing in a Digital World,University of Illinois at Urbana-Champaign,COURSE,4.7,Beginner,310000
Architecting with Google Compute Engine,Google Cloud,SPECIALIZATION,4.7,Intermediate,310000
Advanced Data Science with IBM,IBM,SPECIALIZATION,4.4,Advanced,320000
A Life of Happiness and Fulfillment,Indian School of Business,COURSE,4.8,Mixed,320000
The Singer Songwriter,Berklee College of Music,SPECIALIZATION,4.8,Beginner,320000
Object Oriented Programming in Java,Duke University,SPECIALIZATION,4.6,Beginner,330000
Camino a la Excelencia en Gestión de Proyectos,Pontificia Universidad Católica de Chile,COURSE,4.7,Beginner,340000
Competitive Strategy and Organization Design,Ludwig-Maximilians-Universität München (LMU),SPECIALIZATION,4.7,Intermediate,350000
Google IT Support,Google,PROFESSIONAL CERTIFICATE,4.8,Beginner,350000
AI For Everyone,deeplearning.ai,COURSE,4.8,Beginner,350000
SAS Programmer,SAS,PROFESSIONAL CERTIFICATE,4.8,Beginner,370000
Stanford Introduction to Food and Health,Stanford University,COURSE,4.7,Beginner,370000
Introduction to Philosophy,The University of Edinburgh,COURSE,4.6,Mixed,370000
Digital Marketing,University of Illinois at Urbana-Champaign,SPECIALIZATION,4.6,Beginner,380000
Java Programming and Software Engineering Fundamentals,Duke University,SPECIALIZATION,4.6,Beginner,380000
Introduction to Data Science in Python,University of Michigan,COURSE,4.5,Intermediate,390000
First Step Korean,Yonsei University,COURSE,4.9,Beginner,400000
Python Data Structures,University of Michigan,COURSE,4.9,Mixed,420000
The Data Scientist’s Toolbox,Johns Hopkins University,COURSE,4.6,Mixed,420000
Grammar and Punctuation,"University of California, Irvine",COURSE,4.7,Mixed,430000
"Speak English Professionally: In Person, Online & On the Phone",Georgia Institute of Technology,COURSE,4.6,Mixed,430000
Project Management & Other Tools for Career Development,"University of California, Irvine",SPECIALIZATION,4.6,Beginner,440000
Financial Markets,Yale University,COURSE,4.8,Beginner,470000
Applied Data Science with Python,University of Michigan,SPECIALIZATION,4.5,Intermediate,480000
R Programming,Johns Hopkins University,COURSE,4.6,Intermediate,480000
IBM Data Science,IBM,PROFESSIONAL CERTIFICATE,4.6,Beginner,480000
Excel to MySQL: Analytic Techniques for Business,Duke University,SPECIALIZATION,4.6,Beginner,490000
Business Foundations,University of Pennsylvania,SPECIALIZATION,4.7,Beginner,510000
Academic English: Writing,"University of California, Irvine",SPECIALIZATION,4.7,Beginner,540000
Improve Your English Communication Skills,Georgia Institute of Technology,SPECIALIZATION,4.7,Beginner,610000
Neural Networks and Deep Learning,deeplearning.ai,COURSE,4.9,Intermediate,630000
Deep Learning,deeplearning.ai,SPECIALIZATION,4.8,Intermediate,690000
Data Science: Foundations using R,Johns Hopkins University,SPECIALIZATION,4.6,Beginner,740000
Successful Negotiation: Essential Strategies and Skills,University of Michigan,COURSE,4.8,Mixed,750000
English for Career Development,University of Pennsylvania,COURSE,4.8,Mixed,760000
Career Success,"University of California, Irvine",SPECIALIZATION,4.4,Beginner,790000
Data Science,Johns Hopkins University,SPECIALIZATION,4.5,Beginner,830000
Programming for Everybody (Getting Started with Python),University of Michigan,COURSE,4.8,Mixed,1300000
Python for Everybody,University of Michigan,SPECIALIZATION,4.8,Beginner,1500000
The Science of Well-Being,Yale University,COURSE,4.9,Mixed,2500000
Machine Learning,Stanford University,COURSE,4.9,Mixed,3200000
